"File","Line","ElementType","Pattern","CodeSnippet","Priority","SuggestedTestId"
"\Analysis\StyleAnalysis\Queries\InventoryStockStatusInquiry.razor","64","Data Grid","DxGrid","<DxGrid @ref=""_gridRef""","TBD",""
"\Analysis\StyleAnalysis\Queries\InventoryStockStatusInquiry.razor","87","Data Grid","DxGrid","<DxGridDataColumn FieldName=""RegionSiteGroupId"" Caption=""@Resource.Region"" GroupIndex=""@(++groupIndex)"" Width=""10%"" TextAlignment=""DevExpress.Blazor.GridTextAlignment.Right"" CaptionAlignment=""DevExpress.Blazor.GridTextAlignment.Right"" />","TBD",""
"\Analysis\StyleAnalysis\Queries\InventoryStockStatusInquiry.razor","91","Data Grid","DxGrid","<DxGridDataColumn FieldName=""DistrictGroupId"" Caption=""@Resource.District"" GroupIndex=""@(++groupIndex)"" Width=""10%"" TextAlignment=""DevExpress.Blazor.GridTextAlignment.Right"" CaptionAlignment=""DevExpress.Blazor.GridTextAlignment.Right"" />","TBD",""
"\Analysis\StyleAnalysis\Queries\InventoryStockStatusInquiry.razor","95","Data Grid","DxGrid","<DxGridDataColumn FieldName=""ZoneDescriptionFull"" Caption=""@Resource.Zone"" GroupIndex=""@(++groupIndex)"" Width=""10%"" TextAlignment=""DevExpress.Blazor.GridTextAlignment.Right"" CaptionAlignment=""DevExpress.Blazor.GridTextAlignment.Right"" />","TBD",""
"\Analysis\StyleAnalysis\Queries\InventoryStockStatusInquiry.razor","99","Data Grid","DxGrid","<DxGridDataColumn FieldName=""@nameof(VAppInventoryStockStatu.SiteNameFull)"" GroupIndex=""@(++groupIndex)"" Caption=""@Resource.Site"" MinWidth=""175"">","TBD",""
"\Analysis\StyleAnalysis\Queries\InventoryStockStatusInquiry.razor","103","Dropdown","DxComboBox","<DxComboBox Data=""@GetUniqueValuesForColumn(nameof(VAppInventoryStockStatu.SiteNameFull))""","TBD",""
"\Analysis\StyleAnalysis\Queries\InventoryStockStatusInquiry.razor","110","Data Grid","DxGrid","</DxGridDataColumn>","TBD",""
"\Analysis\StyleAnalysis\Queries\InventoryStockStatusInquiry.razor","112","Data Grid","DxGrid","<DxGridDataColumn FieldName=""@nameof(VAppInventoryStockStatu.ColorDescriptionFull)"" GroupIndex=""@(++groupIndex)"" Caption=""@Resource.Color"" MinWidth=""150"">","TBD",""
"\Analysis\StyleAnalysis\Queries\InventoryStockStatusInquiry.razor","114","Dropdown","DxComboBox","<DxComboBox Data=""@GetUniqueValuesForColumn(nameof(VAppInventoryStockStatu.ColorDescriptionFull))""","TBD",""
"\Analysis\StyleAnalysis\Queries\InventoryStockStatusInquiry.razor","120","Data Grid","DxGrid","</DxGridDataColumn>","TBD",""
"\Analysis\StyleAnalysis\Queries\InventoryStockStatusInquiry.razor","122","Data Grid","DxGrid","<DxGridDataColumn FieldName=""@nameof(VAppInventoryStockStatu.DimensionId)"" GroupIndex=""@(++groupIndex)"" Caption=""@Resource.Dim"" MinWidth=""150"">","TBD",""
"\Analysis\StyleAnalysis\Queries\InventoryStockStatusInquiry.razor","124","Dropdown","DxComboBox","<DxComboBox Data=""@GetUniqueValuesForColumn(nameof(VAppInventoryStockStatu.DimensionId))""","TBD",""
"\Analysis\StyleAnalysis\Queries\InventoryStockStatusInquiry.razor","130","Data Grid","DxGrid","</DxGridDataColumn>","TBD",""
"\Analysis\StyleAnalysis\Queries\InventoryStockStatusInquiry.razor","133","Data Grid","DxGrid","<DxGridDataColumn FieldName=""SizeId"" MinWidth=""100"" Caption=""@Resource.Size"" TextAlignment=""DevExpress.Blazor.GridTextAlignment.Right"" CaptionAlignment=""DevExpress.Blazor.GridTextAlignment.Right"" />","TBD",""
"\Analysis\StyleAnalysis\Queries\InventoryStockStatusInquiry.razor","134","Data Grid","DxGrid","<DxGridDataColumn FieldName=""QtyOnHand"" MinWidth=""125"" TextAlignment=""DevExpress.Blazor.GridTextAlignment.Right"" CaptionAlignment=""DevExpress.Blazor.GridTextAlignment.Right"" Caption=""@Resource.QtyOnHand""  />","TBD",""
"\Analysis\StyleAnalysis\Queries\InventoryStockStatusInquiry.razor","135","Data Grid","DxGrid","<DxGridDataColumn FieldName=""AvailableQty"" MinWidth=""125"" CaptionAlignment=""DevExpress.Blazor.GridTextAlignment.Right"" Caption=""@Resource.QtyAvailable"" />","TBD",""
"\Analysis\StyleAnalysis\Queries\InventoryStockStatusInquiry.razor","136","Data Grid","DxGrid","<DxGridDataColumn FieldName=""StockQty"" MinWidth=""100"" CaptionAlignment=""DevExpress.Blazor.GridTextAlignment.Right"" Caption=""@Resource.QtyStock"" />","TBD",""
"\Analysis\StyleAnalysis\Queries\InventoryStockStatusInquiry.razor","137","Data Grid","DxGrid","<DxGridDataColumn FieldName=""StdUnitSales"" MinWidth=""125"" CaptionAlignment=""DevExpress.Blazor.GridTextAlignment.Right"" Caption=""@Resource.YTDUnitSales"" />","TBD",""
"\Analysis\StyleAnalysis\Queries\InventoryStockStatusInquiry.razor","138","Data Grid","DxGrid","<DxGridDataColumn FieldName=""QtyInbound"" MinWidth=""100"" CaptionAlignment=""DevExpress.Blazor.GridTextAlignment.Right"" Caption=""@Resource.QtyInbound"" />","TBD",""
"\Analysis\StyleAnalysis\Queries\InventoryStockStatusInquiry.razor","139","Data Grid","DxGrid","<DxGridDataColumn FieldName=""QtyOutbound"" MinWidth=""125"" CaptionAlignment=""DevExpress.Blazor.GridTextAlignment.Right"" Caption=""@Resource.QtyOutbound"" />","TBD",""
"\Analysis\StyleAnalysis\Queries\InventoryStockStatusInquiry.razor","140","Data Grid","DxGrid","<DxGridDataColumn FieldName=""QtyInPickingIn"" MinWidth=""125"" CaptionAlignment=""DevExpress.Blazor.GridTextAlignment.Right"" Caption=""@Resource.QtyInPickingIn"" />","TBD",""
"\Analysis\StyleAnalysis\Queries\InventoryStockStatusInquiry.razor","141","Data Grid","DxGrid","<DxGridDataColumn FieldName=""QtyInPickingOut"" MinWidth=""150"" CaptionAlignment=""DevExpress.Blazor.GridTextAlignment.Right"" Caption=""@Resource.QtyInPickingOut"" />","TBD",""
"\Analysis\StyleAnalysis\Queries\InventoryStockStatusInquiry.razor","142","Data Grid","DxGrid","<DxGridDataColumn FieldName=""AllocatedQtyIn"" MinWidth=""150"" CaptionAlignment=""DevExpress.Blazor.GridTextAlignment.Right"" Caption=""@Resource.QtyDistributedIn"" />","TBD",""
"\Analysis\StyleAnalysis\Queries\InventoryStockStatusInquiry.razor","143","Data Grid","DxGrid","<DxGridDataColumn FieldName=""AllocatedQtyOut"" MinWidth=""150"" CaptionAlignment=""DevExpress.Blazor.GridTextAlignment.Right"" Caption=""@Resource.QtyDistributedOut"" />","TBD",""
"\Analysis\StyleAnalysis\Queries\InventoryStockStatusInquiry.razor","144","Data Grid","DxGrid","<DxGridDataColumn FieldName=""QtyOnOrder"" MinWidth=""125"" CaptionAlignment=""DevExpress.Blazor.GridTextAlignment.Right"" Caption=""@Resource.QtyOnOrder"" />","TBD",""
"\Analysis\StyleAnalysis\Queries\InventoryStockStatusInquiry.razor","145","Data Grid","DxGrid","<DxGridDataColumn FieldName=""QtyNonSellable"" MinWidth=""150"" CaptionAlignment=""DevExpress.Blazor.GridTextAlignment.Right"" Caption=""@Resource.QtyNonSellable"" />","TBD",""
"\Analysis\StyleAnalysis\Queries\InventoryStockStatusInquiry.razor","146","Data Grid","DxGrid","<DxGridDataColumn FieldName=""QtyReservedIn"" MinWidth=""125"" CaptionAlignment=""DevExpress.Blazor.GridTextAlignment.Right"" Caption=""@Resource.QtyReservedIn"" />","TBD",""
"\Analysis\StyleAnalysis\Queries\InventoryStockStatusInquiry.razor","147","Data Grid","DxGrid","<DxGridDataColumn FieldName=""QtyReservedOut"" MinWidth=""140"" CaptionAlignment=""DevExpress.Blazor.GridTextAlignment.Right"" Caption=""@Resource.QtyReservedOut"" />","TBD",""
"\Analysis\StyleAnalysis\Queries\InventoryStockStatusInquiry.razor","151","Data Grid","DxGrid","<DxGridSummaryItem Name=""GQtyOnHand"" SummaryType=""GridSummaryItemType.Sum"" FieldName=""QtyOnHand"" FooterColumnName=""QtyOnHand"" />","TBD",""
"\Analysis\StyleAnalysis\Queries\InventoryStockStatusInquiry.razor","152","Data Grid","DxGrid","<DxGridSummaryItem Name=""GQtyAvailable"" SummaryType=""GridSummaryItemType.Sum"" FieldName=""AvailableQty"" FooterColumnName=""AvailableQty"" />","TBD",""
"\Analysis\StyleAnalysis\Queries\InventoryStockStatusInquiry.razor","153","Data Grid","DxGrid","<DxGridSummaryItem Name=""GQtyStockQty"" SummaryType=""GridSummaryItemType.Sum"" FieldName=""StockQty"" FooterColumnName=""StockQty"" />","TBD",""
"\Analysis\StyleAnalysis\Queries\InventoryStockStatusInquiry.razor","154","Data Grid","DxGrid","<DxGridSummaryItem Name=""GQtyStdUnitSales"" SummaryType=""GridSummaryItemType.Sum"" FieldName=""StdUnitSales"" FooterColumnName=""StdUnitSales"" />","TBD",""
"\Analysis\StyleAnalysis\Queries\InventoryStockStatusInquiry.razor","155","Data Grid","DxGrid","<DxGridSummaryItem Name=""GQtyInbound"" SummaryType=""GridSummaryItemType.Sum"" FieldName=""QtyInbound"" FooterColumnName=""QtyInbound"" />","TBD",""
"\Analysis\StyleAnalysis\Queries\InventoryStockStatusInquiry.razor","156","Data Grid","DxGrid","<DxGridSummaryItem Name=""GQtyOutbound"" SummaryType=""GridSummaryItemType.Sum"" FieldName=""QtyOutbound"" FooterColumnName=""QtyOutbound"" />","TBD",""
"\Analysis\StyleAnalysis\Queries\InventoryStockStatusInquiry.razor","157","Data Grid","DxGrid","<DxGridSummaryItem Name=""GQtyInPickingIn"" SummaryType=""GridSummaryItemType.Sum"" FieldName=""QtyInPickingIn"" FooterColumnName=""QtyInPickingIn"" />","TBD",""
"\Analysis\StyleAnalysis\Queries\InventoryStockStatusInquiry.razor","158","Data Grid","DxGrid","<DxGridSummaryItem Name=""GQtyInPickingOut"" SummaryType=""GridSummaryItemType.Sum"" FieldName=""QtyInPickingOut"" FooterColumnName=""QtyInPickingOut"" />","TBD",""
"\Analysis\StyleAnalysis\Queries\InventoryStockStatusInquiry.razor","159","Data Grid","DxGrid","<DxGridSummaryItem Name=""GQtyAllocatedIn"" SummaryType=""GridSummaryItemType.Sum"" FieldName=""AllocatedQtyIn"" FooterColumnName=""AllocatedQtyIn"" />","TBD",""
"\Analysis\StyleAnalysis\Queries\InventoryStockStatusInquiry.razor","160","Data Grid","DxGrid","<DxGridSummaryItem Name=""GQtyAllocatedOut"" SummaryType=""GridSummaryItemType.Sum"" FieldName=""AllocatedQtyOut"" FooterColumnName=""AllocatedQtyOut"" />","TBD",""
"\Analysis\StyleAnalysis\Queries\InventoryStockStatusInquiry.razor","161","Data Grid","DxGrid","<DxGridSummaryItem Name=""GQtyOnOrder"" SummaryType=""GridSummaryItemType.Sum"" FieldName=""QtyOnOrder"" FooterColumnName=""QtyOnOrder"" />","TBD",""
"\Analysis\StyleAnalysis\Queries\InventoryStockStatusInquiry.razor","162","Data Grid","DxGrid","<DxGridSummaryItem Name=""GQtyNonSellable"" SummaryType=""GridSummaryItemType.Sum"" FieldName=""QtyNonSellable"" FooterColumnName=""QtyNonSellable"" />","TBD",""
"\Analysis\StyleAnalysis\Queries\InventoryStockStatusInquiry.razor","163","Data Grid","DxGrid","<DxGridSummaryItem Name=""GQtyReservedIn"" SummaryType=""GridSummaryItemType.Sum"" FieldName=""QtyReservedIn"" FooterColumnName=""QtyReservedIn"" />","TBD",""
"\Analysis\StyleAnalysis\Queries\InventoryStockStatusInquiry.razor","164","Data Grid","DxGrid","<DxGridSummaryItem Name=""GQtyReservedOut"" SummaryType=""GridSummaryItemType.Sum"" FieldName=""QtyReservedOut"" FooterColumnName=""QtyReservedOut"" />","TBD",""
"\Analysis\StyleAnalysis\Queries\InventoryStockStatusInquiry.razor","168","Data Grid","DxGrid","<DxGridSummaryItem Name=""TQtyOnHand"" SummaryType=""GridSummaryItemType.Sum"" FieldName=""QtyOnHand"" />","TBD",""
"\Analysis\StyleAnalysis\Queries\InventoryStockStatusInquiry.razor","169","Data Grid","DxGrid","<DxGridSummaryItem Name=""TQtyAvailable"" SummaryType=""GridSummaryItemType.Sum"" FieldName=""AvailableQty"" />","TBD",""
"\Analysis\StyleAnalysis\Queries\InventoryStockStatusInquiry.razor","170","Data Grid","DxGrid","<DxGridSummaryItem Name=""TQtyStock"" SummaryType=""GridSummaryItemType.Sum"" FieldName=""StockQty"" />","TBD",""
"\Analysis\StyleAnalysis\Queries\InventoryStockStatusInquiry.razor","171","Data Grid","DxGrid","<DxGridSummaryItem Name=""TQtyStdUnitSales"" SummaryType=""GridSummaryItemType.Sum"" FieldName=""StdUnitSales"" />","TBD",""
"\Analysis\StyleAnalysis\Queries\InventoryStockStatusInquiry.razor","172","Data Grid","DxGrid","<DxGridSummaryItem Name=""TQtyInbound"" SummaryType=""GridSummaryItemType.Sum"" FieldName=""QtyInbound"" />","TBD",""
"\Analysis\StyleAnalysis\Queries\InventoryStockStatusInquiry.razor","173","Data Grid","DxGrid","<DxGridSummaryItem Name=""TQtyOutbound"" SummaryType=""GridSummaryItemType.Sum"" FieldName=""QtyOutbound"" />","TBD",""
"\Analysis\StyleAnalysis\Queries\InventoryStockStatusInquiry.razor","174","Data Grid","DxGrid","<DxGridSummaryItem Name=""TQtyInPickingIn"" SummaryType=""GridSummaryItemType.Sum"" FieldName=""QtyInPickingIn"" />","TBD",""
"\Analysis\StyleAnalysis\Queries\InventoryStockStatusInquiry.razor","175","Data Grid","DxGrid","<DxGridSummaryItem Name=""TQtyInPickingOut"" SummaryType=""GridSummaryItemType.Sum"" FieldName=""QtyInPickingOut"" />","TBD",""
"\Analysis\StyleAnalysis\Queries\InventoryStockStatusInquiry.razor","176","Data Grid","DxGrid","<DxGridSummaryItem Name=""TQtyAllocatedIn"" SummaryType=""GridSummaryItemType.Sum"" FieldName=""AllocatedQtyIn"" />","TBD",""
"\Analysis\StyleAnalysis\Queries\InventoryStockStatusInquiry.razor","177","Data Grid","DxGrid","<DxGridSummaryItem Name=""TQtyAllocatedOut"" SummaryType=""GridSummaryItemType.Sum"" FieldName=""AllocatedQtyOut"" />","TBD",""
"\Analysis\StyleAnalysis\Queries\InventoryStockStatusInquiry.razor","178","Data Grid","DxGrid","<DxGridSummaryItem Name=""TQtyOnOrder"" SummaryType=""GridSummaryItemType.Sum"" FieldName=""QtyOnOrder"" />","TBD",""
"\Analysis\StyleAnalysis\Queries\InventoryStockStatusInquiry.razor","179","Data Grid","DxGrid","<DxGridSummaryItem Name=""TQtyNonSellable"" SummaryType=""GridSummaryItemType.Sum"" FieldName=""QtyNonSellable"" />","TBD",""
"\Analysis\StyleAnalysis\Queries\InventoryStockStatusInquiry.razor","180","Data Grid","DxGrid","<DxGridSummaryItem Name=""TQtyReservedIn"" SummaryType=""GridSummaryItemType.Sum"" FieldName=""QtyReservedIn"" />","TBD",""
"\Analysis\StyleAnalysis\Queries\InventoryStockStatusInquiry.razor","181","Data Grid","DxGrid","<DxGridSummaryItem Name=""TQtyReservedOut"" SummaryType=""GridSummaryItemType.Sum"" FieldName=""QtyReservedOut"" />","TBD",""
"\Analysis\StyleAnalysis\Queries\InventoryStockStatusInquiry.razor","183","Data Grid","DxGrid","</DxGrid>","TBD",""
"\DashBoard\DashboardCard.razor","15","HTML Button","<button","<ButtonGroup Name=""DateFilterMaster""","TBD",""
"\DashBoard\MainDashBoard.razor","30","Data Grid","DxGrid","<DxGrid Data=""@ViewModel.Favorites"" SelectionMode=""GridSelectionMode.Multiple"" ShowFilterRow=""@ShowFilterRow"" CssClass=""mb-3"" @bind-SelectedDataItems=""@ViewModel.SelectedFavorites"">","TBD",""
"\DashBoard\MainDashBoard.razor","32","Data Grid","DxGrid","<DxGridSelectionColumn />","TBD",""
"\DashBoard\MainDashBoard.razor","33","Data Grid","DxGrid","<DxGridDataColumn FieldName=""Text"" Caption=@Resource.Title />","TBD",""
"\DashBoard\MainDashBoard.razor","35","Data Grid","DxGrid","</DxGrid>","TBD",""
"\InventoryAdjustment\InventoryAdjustmentDetails.razor","26","HTML Button","<button","<Buttons>","TBD",""
"\MainView\ChatUI.razor","31","HTML Button","<button","<button class=""btn btn-outline-light btn-sm"" @onclick=""RetryConnection"">","TBD",""
"\MainView\ChatUI.razor","86","HTML Button","<button","<button class=""btn dxbl-btn dxbl-btn-primary me-2""","TBD",""
"\MainView\MainWindow.razor","17","HTML Button","<button","<button class=""hamburger"" @onclick=""OnToggleNav"">&#9776;</button>","TBD",""
"\MainView\TabWindow.razor","16","Modal/Popup","DxPopup","<DxPopup HeaderText=@UserMessageHeader","TBD",""
"\MainView\TabWindow.razor","25","Modal/Popup","DxPopup","</DxPopup>","TBD",""
"\MainView\TabWindow.razor","70","HTML Button","<button","<button type=""button"" class=""btn tab @(tabHeader.Active ? ""btn-primary"" : ""btn-secondary"") h-100"" @onclick=@(async () => await TabsTabItemClickEventHandlerAsync(tabHeader.Id))>","TBD",""
"\Po\PoManagement.razor","10","HTML Button","<button","<Button Name=""ColumnsChooser"" Model=@ColumnsChooserModel @ref=@ColumnsChooserModel.Reference CssClass=""dxbl-btn-outlined filterbtn"" SizeMode=""SizeMode.Large"" IconCssClass=""bi bi-list-columns-reverse"" TooltipCssClass=""tooltipRight"" />","TBD",""
"\Po\PoManagement.razor","11","HTML Button","<button","<Button Name=""ShowFilter"" Model=@ShowFilterModel @ref=@ShowFilterModel.Reference CssClass=""dxbl-btn-outlined filterbtn"" SizeMode=""SizeMode.Large"" IconCssClass=""bi-filter"" TooltipCssClass=""tooltipRight"" />","TBD",""
"\Po\PoManagement.razor","23","HTML Button","<button","<ButtonGroup Name=""MassApproval"" @ref=@massApproval CSSClass=""otherInfoButton"" TValue=""int"" />","TBD",""
"\Po\PoManagement.razor","25","HTML Button","<button","<ButtonGroup Name=""MassRequest"" @ref=@massRequest CSSClass=""otherInfoButton"" TValue=""int"" />","TBD",""
"\Po\PoManagement.razor","27","HTML Button","<button","<ButtonGroup Name=""CreatePO"" @ref=@createPO CSSClass=""createButton"" IconCssClass=""bi bi-plus-lg"" TValue=""int"" />","TBD",""
"\Po\PoManagement.razor","50","HTML Button","<button","<Button Name=""CopyPOCancel"" Model=@CopyPOCancelModel @ref=@CopyPOCancelModel.Reference CssClass=""dxbl-btn-outlined"" RenderStyle=""ButtonRenderStyle.Secondary"" SizeMode=""SizeMode.Large"" />","TBD",""
"\Po\PoManagement.razor","51","HTML Button","<button","<Button Name=""CopyPOApply"" Model=@CopyPOApplyModel @ref=@CopyPOApplyModel.Reference RenderStyle=""ButtonRenderStyle.Primary"" SizeMode=""SizeMode.Large"" />","TBD",""
"\Po\EditPo\EditPoHeaderInfo.razor","23","HTML Button","<button","<Button Name=""RequestPOApproval"" Model=@RequestPOApprovalModel @ref=@RequestPOApprovalModel.Reference CssClass=""dxbl-btn-outlined"" RenderStyle=""ButtonRenderStyle.Secondary"" SizeMode=""SizeMode.Large"" />","TBD",""
"\Po\EditPo\EditPoHeaderInfo.razor","72","HTML Button","<button","<Button Name=""Cancel"" Model=@CancelModel @ref=@CancelModel.Reference CssClass=""dxbl-btn-outlined"" RenderStyle=""ButtonRenderStyle.Secondary"" SizeMode=""SizeMode.Large"" />","TBD",""
"\Po\EditPo\EditPoHeaderInfo.razor","73","HTML Button","<button","<Button Name=""Save"" Model=@SaveModel @ref=@SaveModel.Reference RenderStyle=""ButtonRenderStyle.Primary"" SizeMode=""SizeMode.Large"" />","TBD",""
"\Po\EditPo\EditPoHeaderInfo.razor","76","HTML Button","<button","<Button Name=""Next"" Model=@NextModel @ref=@NextModel.Reference IconCssClass=""bi bi-chevron-right"" IconPosition=""ButtonIconPosition.AfterText"" RenderStyle=""ButtonRenderStyle.Primary"" SizeMode=""SizeMode.Large"" />","TBD",""
"\Po\EditPo\EditPoProduct.razor","139","HTML Button","<button","<Button Name=""RequestPOApproval"" @ref=@RequestPOApprovalModel.Reference Model=@RequestPOApprovalModel CssClass=""dxbl-btn-outlined"" RenderStyle=""ButtonRenderStyle.Secondary"" SizeMode=""SizeMode.Large"" />","TBD",""
"\Po\EditPo\EditPoProduct.razor","165","HTML Button","<button","<Buttons>","TBD",""
"\Po\EditPo\EditPoProduct.razor","243","HTML Button","<button","<Button Name=""Cancel"" @ref=@CancelModel.Reference Model=@CancelModel CssClass=""dxbl-btn-outlined"" RenderStyle=""ButtonRenderStyle.Secondary"" SizeMode=""SizeMode.Large"" />","TBD",""
"\Po\EditPo\EditPoProduct.razor","244","HTML Button","<button","<Button Name=""Save"" @ref=@SaveModel.Reference Model=@SaveModel RenderStyle=""ButtonRenderStyle.Primary"" SizeMode=""SizeMode.Large"" />","TBD",""
"\Po\EditPo\EditPoProduct.razor","258","HTML Button","<button","<Button Name=""ShowFilter"" Model=@ShowFilterModel @ref=@ShowFilterModel.Reference CssClass=""dxbl-btn-outlined filterbtn"" SizeMode=""SizeMode.Large"" IconCssClass=""bi-filter"" TooltipCssClass=""tooltipRight"" />","TBD",""
"\Po\EditPo\EditPoProduct.razor","266","HTML Button","<button","<Button Name=""Style1PopupClose"" Model=@Style1PopupCloseModel @ref=@Style1PopupCloseModel.Reference RenderStyle=""ButtonRenderStyle.Primary"" CssClass=""m-2"" SizeMode=""SizeMode.Large"" />","TBD",""
"\Po\EditPo\EditPoShippingInfo.razor","21","HTML Button","<button","<Button Name=""RequestPOApproval"" Model=@RequestPOApprovalModel @ref=@RequestPOApprovalModel.Reference CssClass=""dxbl-btn-outlined"" RenderStyle=""ButtonRenderStyle.Secondary"" SizeMode=""SizeMode.Large"" />","TBD",""
"\Po\EditPo\EditPoShippingInfo.razor","79","HTML Button","<button","<Button Name=""Cancel"" Model=@CancelModel @ref=@CancelModel.Reference CssClass=""dxbl-btn-outlined"" RenderStyle=""ButtonRenderStyle.Secondary"" SizeMode=""SizeMode.Large"" />","TBD",""
"\Po\EditPo\EditPoShippingInfo.razor","80","HTML Button","<button","<Button Name=""Save"" Model=@SaveModel @ref=@SaveModel.Reference RenderStyle=""ButtonRenderStyle.Primary"" SizeMode=""SizeMode.Large"" />","TBD",""
"\Po\EditPo\EditPoShippingInfo.razor","83","HTML Button","<button","<Button Name=""Next"" Model=@NextModel @ref=@NextModel.Reference CssClass=""d-flex justify-content-flex-end"" IconCssClass=""bi-chevron-right"" IconPosition=""ButtonIconPosition.AfterText"" RenderStyle=""ButtonRenderStyle.Primary"" SizeMode=""SizeMode.Large"" />","TBD",""
"\Po\SizeGrid\PoDetailsGrid.razor","11","Data Grid","DxGrid","<DxGrid id=""sizeGridId""","TBD",""
"\Po\SizeGrid\PoDetailsGrid.razor","30","Data Grid","DxGrid","<DxGridDataColumn Caption=""@Resource.Dimension"" FieldName=""DimensionId"" ReadOnly=""true"" />","TBD",""
"\Po\SizeGrid\PoDetailsGrid.razor","32","Data Grid","DxGrid","<DxGridDataColumn TextAlignment=""DevExpress.Blazor.GridTextAlignment.Center"" Caption=""@Resource.TotalOrderedQty"" FieldName=""RowTotal"" ReadOnly=""true"">","TBD",""
"\Po\SizeGrid\PoDetailsGrid.razor","36","Data Grid","DxGrid","</DxGridDataColumn>","TBD",""
"\Po\SizeGrid\PoDetailsGrid.razor","41","Data Grid","DxGrid","<DxGridDataColumn TextAlignment=""DevExpress.Blazor.GridTextAlignment.Center"" FieldName=""@size"" Caption=""@size"" Name=""@size"" UnboundType=""GridUnboundColumnType.Decimal"" ReadOnly=""IsReadOnly"">","TBD",""
"\Po\SizeGrid\PoDetailsGrid.razor","73","Data Grid","DxGrid","</DxGridDataColumn>","TBD",""
"\Po\SizeGrid\PoDetailsGrid.razor","79","Data Grid","DxGrid","<DxGridSummaryItem SummaryType=""GridSummaryItemType.Custom"" FieldName=""DimensionId"" />","TBD",""
"\Po\SizeGrid\PoDetailsGrid.razor","80","Data Grid","DxGrid","<DxGridSummaryItem SummaryType=""GridSummaryItemType.Custom"" FieldName=""RowTotal"" />","TBD",""
"\Po\SizeGrid\PoDetailsGrid.razor","83","Data Grid","DxGrid","<DxGridSummaryItem SummaryType=""GridSummaryItemType.Custom"" FooterColumnName=""@size"" />","TBD",""
"\Po\SizeGrid\PoDetailsGrid.razor","87","Data Grid","DxGrid","</DxGrid>","TBD",""
"\Po\SizeGrid\PoDetailsGrid.razor","94","Form","DxFormLayout","<DxFormLayout>","TBD",""
"\Po\SizeGrid\PoDetailsGrid.razor","95","Form","DxFormLayout","<DxFormLayoutItem CaptionCssClass=""p-0"" CssClass=""m-0"" ColSpanMd=""12"" BeginRow=""true"" CaptionPosition=""CaptionPosition.Vertical"">","TBD",""
"\Po\SizeGrid\PoDetailsGrid.razor","114","Form","DxFormLayout","</DxFormLayoutItem>","TBD",""
"\Po\SizeGrid\PoDetailsGrid.razor","115","Form","DxFormLayout","</DxFormLayout>","TBD",""
"\Po\SizeGrid\PoItemsSitesGrid.razor","11","Data Grid","DxGrid","<DxGrid Attributes=""_listBoxAttributes""","TBD",""
"\Po\SizeGrid\PoItemsSitesGrid.razor","28","Data Grid","DxGrid","<DxGridDataColumn Caption=""@Resource.Store"" FieldName=""SiteId"" VisibleIndex=""0"" Context=""siteColumn"" MinWidth=""250"" ReadOnly=""IsReadOnly"">","TBD",""
"\Po\SizeGrid\PoItemsSitesGrid.razor","63","Data Grid","DxGrid","</DxGridDataColumn>","TBD",""
"\Po\SizeGrid\PoItemsSitesGrid.razor","73","Data Grid","DxGrid","<DxGridDataColumn TextAlignment=""DevExpress.Blazor.GridTextAlignment.Center"" FieldName=""@size"" Caption=""@size"" Name=""@size"" UnboundType=""GridUnboundColumnType.Decimal"" Context=""sizeColumnContext"" VisibleIndex=""index"" ReadOnly=""IsReadOnly"">","TBD",""
"\Po\SizeGrid\PoItemsSitesGrid.razor","164","Data Grid","DxGrid","</DxGridDataColumn>","TBD",""
"\Po\SizeGrid\PoItemsSitesGrid.razor","171","Data Grid","DxGrid","<DxGridDataColumn TextAlignment=""DevExpress.Blazor.GridTextAlignment.Center"" Caption=""@Resource.PoTotal"" FieldName=""RowTotal"" VisibleIndex=""1"" ReadOnly=""true"" DataRowEditorVisible=""false"">","TBD",""
"\Po\SizeGrid\PoItemsSitesGrid.razor","188","Data Grid","DxGrid","</DxGridDataColumn>","TBD",""
"\Po\SizeGrid\PoItemsSitesGrid.razor","192","Data Grid","DxGrid","<DxGridCommandColumn Width=""100px"" VisibleIndex=""index + 1"">","TBD",""
"\Po\SizeGrid\PoItemsSitesGrid.razor","195","Button","DxButton","<DxButton IconCssClass=""bi-plus"" CssClass=""actionButtons mx-2"" RenderStyle=""ButtonRenderStyle.Link"" Click=""() => StartEditNewRowAsync()"" />","TBD",""
"\Po\SizeGrid\PoItemsSitesGrid.razor","199","Button","DxButton","<DxButton Attributes=""@(new Dictionary<string,object>{[""title""] = Resource.Delete})"" IconCssClass=""bi bi-trash3"" RenderStyleMode=""ButtonRenderStyleMode.Text"" RenderStyle=""ButtonRenderStyle.Danger"" Click=""() => gridRef!.ShowRowDeleteConfirmation(CommandContext.VisibleIndex)"" />","TBD",""
"\Po\SizeGrid\PoItemsSitesGrid.razor","202","Button","DxButton","<DxButton Attributes=""@(new Dictionary<string,object>{[""title""] = Resource.Delete})"" IconCssClass=""bi bi-trash3"" RenderStyleMode=""ButtonRenderStyleMode.Text"" RenderStyle=""ButtonRenderStyle.Danger"" Enabled=""false"" />","TBD",""
"\Po\SizeGrid\PoItemsSitesGrid.razor","204","Data Grid","DxGrid","</DxGridCommandColumn>","TBD",""
"\Po\SizeGrid\PoItemsSitesGrid.razor","212","Data Grid","DxGrid","</DxGrid>","TBD",""
"\Po\ViewPo\ViewPoPo.razor","279","HTML Button","<button","<Button Name=""Close"" @ref=@CloseModel.Reference Model=@CloseModel CssClass=""dxbl-btn-outlined mb-4"" RenderStyle=""ButtonRenderStyle.Secondary"" SizeMode=""SizeMode.Large"" />","TBD",""
"\Rtv\RtvDetails.razor","27","HTML Button","<button","<Buttons>","TBD",""
"\Sample\MainDemoView.razor","8","HTML Input","<input","<InputsDemo />","TBD",""
"\Sample\ManagementDemo\Sample.razor","69","Button","DxButton","<DxButton Text=""Same"" Click=_viewModel.ShowFilterTest CssClass=""dxbl-btn-outlined"" RenderStyle=""ButtonRenderStyle.Secondary"" SizeMode=""SizeMode.Large"" />","TBD",""
"\Sample\ManagementDemo\Sample.razor","70","Button","DxButton","<DxButton Text=""Test"" Click=_viewModel.Test CssClass=""dxbl-btn-outlined"" RenderStyle=""ButtonRenderStyle.Secondary"" SizeMode=""SizeMode.Large"" />","TBD",""
"\Sample\ManagementDemo\Sample.razor","71","Button","DxButton","<DxButton Text=""Close"" Click=_viewModel.CloseAsync CssClass=""dxbl-btn-outlined"" RenderStyle=""ButtonRenderStyle.Secondary"" SizeMode=""SizeMode.Large"" />","TBD",""
"\Sample\ManagementDemo\SampleManagement.razor","54","Data Grid","DxGrid","<DxGrid Data=""@_viewModel.Data""","TBD",""
"\Sample\ManagementDemo\SampleManagement.razor","61","Data Grid","DxGrid","<DxGridDataColumn FieldName=""Name"" Caption=""Name"" />","TBD",""
"\Sample\ManagementDemo\SampleManagement.razor","62","Data Grid","DxGrid","<DxGridDataColumn FieldName=""Description"" Caption=""Editable String"" />","TBD",""
"\Sample\ManagementDemo\SampleManagement.razor","63","Data Grid","DxGrid","<DxGridDataColumn FieldName=""Date"" Caption=""Date"" />","TBD",""
"\Sample\ManagementDemo\SampleManagement.razor","64","Data Grid","DxGrid","<DxGridDataColumn FieldName=""BooleanValue"" Caption=""Boolean Value"" />","TBD",""
"\Sample\ManagementDemo\SampleManagement.razor","65","Data Grid","DxGrid","<DxGridDataColumn FieldName=""SelectedValue"" Caption=""Selected Value"" />","TBD",""
"\Sample\ManagementDemo\SampleManagement.razor","66","Data Grid","DxGrid","<DxGridDataColumn FieldName=""Amount"" Caption=""Amount"" />","TBD",""
"\Sample\ManagementDemo\SampleManagement.razor","67","Data Grid","DxGrid","<DxGridDataColumn FieldName=""DateOffset"" Caption=""Date Offset"" />","TBD",""
"\Sample\ManagementDemo\SampleManagement.razor","69","Data Grid","DxGrid","</DxGrid>","TBD",""
"\Sample\ModuleManagement\EditModule.razor","43","Tab","DxTabPage","<DxTabPage Text=""Header"">","TBD",""
"\Sample\ModuleManagement\EditModule.razor","86","Tab","DxTabPage","</DxTabPage>","TBD",""
"\Sample\ModuleManagement\EditModule.razor","88","Tab","DxTabPage","<DxTabPage Text=""Details"">","TBD",""
"\Sample\ModuleManagement\EditModule.razor","99","Tab","DxTabPage","</DxTabPage>","TBD",""
"\Sample\ModuleManagement\EditModule.razor","101","Tab","DxTabPage","<DxTabPage Text=""More Details"">","TBD",""
"\Sample\ModuleManagement\EditModule.razor","112","Tab","DxTabPage","</DxTabPage>","TBD",""
"\Style\StyleManagement.razor","11","HTML Button","<button","<Button Name=""ColumnsChooser"" Model=@ColumnsChooserModel @ref=@ColumnsChooserModel.Reference CssClass=""dxbl-btn-outlined filterbtn"" SizeMode=""SizeMode.Large"" IconCssClass=""bi bi-list-columns-reverse"" TooltipCssClass=""tooltipRight"" />","TBD",""
"\Style\StyleManagement.razor","12","HTML Button","<button","<Button Name=""ShowFilter"" Model=@ShowFilterModel @ref=@ShowFilterModel.Reference CssClass=""dxbl-btn-outlined filterbtn"" SizeMode=""SizeMode.Large"" IconCssClass=""bi-filter"" TooltipCssClass=""tooltipRight"" />","TBD",""
"\Style\StyleManagement.razor","19","HTML Button","<button","<ButtonGroup Name=""CreateStyle"" CSSClass=""createButton"" IconCssClass=""bi bi-plus-lg"" @ref=@createStyle TValue=""int"" />","TBD",""
"\Style\StyleManagement.razor","64","HTML Button","<button","<Button Name=""CreateFromTemplateCancel"" Model=@CreateFromTemplateCancelModel @ref=@CreateFromTemplateCancelModel.Reference CssClass=""dxbl-btn-outlined"" RenderStyle=""ButtonRenderStyle.Secondary"" SizeMode=""SizeMode.Large"" />","TBD",""
"\Style\StyleManagement.razor","65","HTML Button","<button","<Button Name=""CreateFromTemplateApply"" Model=@CreateFromTemplateApplyModel @ref=@CreateFromTemplateApplyModel.Reference RenderStyle=""ButtonRenderStyle.Primary"" SizeMode=""SizeMode.Large"" />","TBD",""
"\Style\StyleManagement.razor","86","HTML Button","<button","<Buttons>","TBD",""
"\Style\StyleManagement.razor","116","HTML Button","<button","<Button Name=""CreateFromExistingCancel"" Model=@CreateFromExistingCancelModel @ref=@CreateFromExistingCancelModel.Reference CssClass=""dxbl-btn-outlined"" RenderStyle=""ButtonRenderStyle.Secondary"" SizeMode=""SizeMode.Large"" />","TBD",""
"\Style\StyleManagement.razor","117","HTML Button","<button","<Button Name=""FromStyleApply"" Model=@FromStyleApplyModel @ref=@FromStyleApplyModel.Reference RenderStyle=""ButtonRenderStyle.Primary"" SizeMode=""SizeMode.Large"" />","TBD",""
"\Style\StyleManagement.razor","128","HTML Button","<button","<Button Name=""ShowFilterSelectStyle"" Model=@ShowFilterSelectStyleModel @ref=@ShowFilterSelectStyleModel.Reference CssClass=""dxbl-btn-outlined filterbtn"" SizeMode=""SizeMode.Large"" IconCssClass=""bi-filter"" TooltipCssClass=""tooltipRight"" />","TBD",""
"\Style\StyleManagement.razor","136","HTML Button","<button","<Button Name=""StyleSelectionPopupClose"" Model=@StyleSelectionPopupCloseModel @ref=@StyleSelectionPopupCloseModel.Reference RenderStyle=""ButtonRenderStyle.Primary"" CssClass=""m-2"" SizeMode=""SizeMode.Large"" />","TBD",""
"\Style\EditStyle\EditStyleAdditonalAttributes.razor","20","HTML Button","<button","<ButtonGroup CSSClass=""otherInfoButton"" Name=""OtherInformation"" @ref=@otherInformation TValue=""int"" />","TBD",""
"\Style\EditStyle\EditStyleAdditonalAttributes.razor","89","HTML Button","<button","<Buttons>","TBD",""
"\Style\EditStyle\EditStyleAdditonalAttributes.razor","96","HTML Button","<button","<Buttons>","TBD",""
"\Style\EditStyle\EditStyleAdditonalAttributes.razor","103","HTML Button","<button","<Buttons>","TBD",""
"\Style\EditStyle\EditStyleAdditonalAttributes.razor","110","HTML Button","<button","<Buttons>","TBD",""
"\Style\EditStyle\EditStyleAdditonalAttributes.razor","117","HTML Button","<button","<Buttons>","TBD",""
"\Style\EditStyle\EditStyleAdditonalAttributes.razor","134","HTML Button","<button","<Buttons>","TBD",""
"\Style\EditStyle\EditStyleAdditonalAttributes.razor","166","HTML Button","<button","<Button Name=""Cancel"" Model=@CancelModel @ref=@CancelModel.Reference CssClass=""dxbl-btn-outlined"" RenderStyle=""ButtonRenderStyle.Primary"" SizeMode=""SizeMode.Large"" />","TBD",""
"\Style\EditStyle\EditStyleAdditonalAttributes.razor","167","HTML Button","<button","<Button Name=""Save"" Model=@SaveModel @ref=@SaveModel.Reference RenderStyle=""ButtonRenderStyle.Primary"" SizeMode=""SizeMode.Large"" />","TBD",""
"\Style\EditStyle\EditStyleAdditonalAttributes.razor","177","HTML Button","<button","<Button Name=""ShowFilter"" Model=@ShowFilterModel @ref=@ShowFilterModel.Reference CssClass=""dxbl-btn-outlined filterbtn"" SizeMode=""SizeMode.Large"" IconCssClass=""bi-filter"" TooltipCssClass=""tooltipRight"" />","TBD",""
"\Style\EditStyle\EditStyleAdditonalAttributes.razor","185","HTML Button","<button","<Button Name=""Style1PopupClose"" Model=@Style1PopupCloseModel @ref=@Style1PopupCloseModel.Reference RenderStyle=""ButtonRenderStyle.Primary"" CssClass=""m-2"" SizeMode=""SizeMode.Large"" />","TBD",""
"\Style\EditStyle\EditStyleCostExceptions.razor","18","HTML Button","<button","<Button Name=""Close"" CssClass=""dxbl-btn-outlined"" RenderStyle=""ButtonRenderStyle.Primary""  Model=@CloseModel @ref=@CloseModel.Reference />","TBD",""
"\Style\EditStyle\EditStyleCostExceptions.razor","19","HTML Button","<button","<Button Name=""Save"" RenderStyle=""ButtonRenderStyle.Primary""  Model=@SaveModel @ref=@SaveModel.Reference  />","TBD",""
"\Style\EditStyle\EditStyleInfo.razor","20","HTML Button","<button","<ButtonGroup Name=""OtherInformation"" @ref=@otherInformation CSSClass=""otherInfoButton"" TValue=""int"" />","TBD",""
"\Style\EditStyle\EditStyleInfo.razor","118","HTML Button","<button","<Button Name=""ShowFilterPLUDescription"" Model=@ShowFilterPLUDescriptionModel @ref=@ShowFilterPLUDescriptionModel.Reference CssClass=""dxbl-btn-outlined filterbtn"" SizeMode=""SizeMode.Large"" IconCssClass=""bi-filter"" TooltipCssClass=""tooltipRight"" />","TBD",""
"\Style\EditStyle\EditStyleInfo.razor","131","HTML Button","<button","<Button Name=""ShowFilterForeignDescription"" Model=@ShowFilterForeignDescriptionModel @ref=@ShowFilterForeignDescriptionModel.Reference CssClass=""dxbl-btn-outlined filterbtn"" SizeMode=""SizeMode.Large"" IconCssClass=""bi-filter"" TooltipCssClass=""tooltipRight"" />","TBD",""
"\Style\EditStyle\EditStyleInfo.razor","142","HTML Button","<button","<Button Name=""Cancel"" Model=@CloseModel @ref=@CloseModel.Reference CssClass=""dxbl-btn-outlined"" RenderStyle=""ButtonRenderStyle.Secondary"" SizeMode=""SizeMode.Large"" />","TBD",""
"\Style\EditStyle\EditStyleInfo.razor","143","HTML Button","<button","<Button Name=""Save"" Model=@SaveModel @ref=@SaveModel.Reference RenderStyle=""ButtonRenderStyle.Primary"" SizeMode=""SizeMode.Large"" />","TBD",""
"\Style\EditStyle\EditStyleInfo.razor","146","HTML Button","<button","<Button Name=""Next"" Model=@NextModel @ref=@NextModel.Reference IconCssClass=""bi bi-chevron-right"" IconPosition=""ButtonIconPosition.AfterText"" RenderStyle=""ButtonRenderStyle.Primary"" SizeMode=""SizeMode.Large"" />","TBD",""
"\Style\EditStyle\EditStyleMerchandisingHierarchy.razor","19","HTML Button","<button","<ButtonGroup Name=""OtherInformation1"" @ref=@otherInformation1 CSSClass=""otherInfoButton"" TValue=""int"" />","TBD",""
"\Style\EditStyle\EditStyleMerchandisingHierarchy.razor","91","HTML Button","<button","<Button Name=""ShowFilterStyleColors"" Model=@ShowFilterStyleColorsModel @ref=@ShowFilterStyleColorsModel.Reference CssClass=""dxbl-btn-outlined filterbtn"" SizeMode=""SizeMode.Large"" IconCssClass=""bi-filter"" TooltipCssClass=""tooltipRight"" />","TBD",""
"\Style\EditStyle\EditStyleMerchandisingHierarchy.razor","101","HTML Button","<button","<Button Name=""Close"" Model=@CloseModel @ref=@CloseModel.Reference CssClass=""dxbl-btn-outlined"" RenderStyle=""ButtonRenderStyle.Secondary"" SizeMode=""SizeMode.Large"" />","TBD",""
"\Style\EditStyle\EditStyleMerchandisingHierarchy.razor","102","HTML Button","<button","<Button Name=""Save"" Model=@SaveModel @ref=@SaveModel.Reference RenderStyle=""ButtonRenderStyle.Primary"" SizeMode=""SizeMode.Large"" />","TBD",""
"\Style\EditStyle\EditStyleMerchandisingHierarchy.razor","105","HTML Button","<button","<Button Name=""Next"" Model=@NextModel @ref=@NextModel.Reference IconCssClass=""bi bi-chevron-right"" IconPosition=""ButtonIconPosition.AfterText"" RenderStyle=""ButtonRenderStyle.Primary"" SizeMode=""SizeMode.Large"" />","TBD",""
"\Style\EditStyle\EditStylePriceHistory.razor","12","HTML Button","<button","<Button Name=""Back"" Model=@BackModel @ref=@BackModel.Reference CssClass=""bi bi-arrow-left backButton"" />","TBD",""
"\Style\EditStyle\EditStylePriceHistory.razor","23","HTML Button","<button","<Button Name=""ShowFilter"" CssClass=""dxbl-btn-outlined filterbtn"" SizeMode=""SizeMode.Large"" IconCssClass=""bi-filter"" Model=@ShowFilterModel @ref=@ShowFilterModel.Reference TooltipCssClass=""tooltipRight"" />","TBD",""
"\Style\EditStyle\EditStylePriceHistory.razor","42","HTML Button","<button","<Button Name=""Close"" CssClass=""dxbl-btn-outlined"" RenderStyle=""ButtonRenderStyle.Primary"" SizeMode=""SizeMode.Large"" Model=@CloseModel @ref=@CloseModel.Reference />","TBD",""
"\Style\EditStyle\EditStylePriceHistory.razor","43","HTML Button","<button","<Button Name=""Save"" RenderStyle=""ButtonRenderStyle.Primary"" SizeMode=""SizeMode.Large"" Model=@SaveModel @ref=@SaveModel.Reference />","TBD",""
"\Style\EditStyle\EditStyleShippingHandling.razor","20","HTML Button","<button","<ButtonGroup CSSClass=""otherInfoButton ms-2"" Name=""OtherInformation"" @ref=@otherInformation TValue=""int"" />","TBD",""
"\Style\EditStyle\EditStyleShippingHandling.razor","112","HTML Button","<button","<Button Name=""Close"" Model=@CancelModel @ref=@CancelModel.Reference CssClass=""dxbl-btn-outlined"" RenderStyle=""ButtonRenderStyle.Primary"" SizeMode=""SizeMode.Large"" />","TBD",""
"\Style\EditStyle\EditStyleShippingHandling.razor","113","HTML Button","<button","<Button Name=""Save"" Model=@SaveModel @ref=@SaveModel.Reference RenderStyle=""ButtonRenderStyle.Primary"" SizeMode=""SizeMode.Large"" />","TBD",""
"\Style\EditStyle\EditStyleTaxCategory.razor","8","HTML Button","<button","<Button Name=""Back"" Model=@BackModel @ref=@BackModel.Reference CssClass=""bi bi-arrow-left backButton"" />","TBD",""
"\Style\EditStyle\EditStyleTaxCategory.razor","27","HTML Button","<button","<Button Name=""Insert"" Model=@InsertModel CssClass=""dxbl-btn-outlined"" RenderStyle=""ButtonRenderStyle.Primary"" SizeMode=""SizeMode.Large"" @ref=@InsertModel.Reference />","TBD",""
"\Style\EditStyle\EditStyleTaxCategory.razor","45","HTML Button","<button","<Button Name=""Update"" Model=@UpdateModel CssClass=""dxbl-btn-outlined"" RenderStyle=""ButtonRenderStyle.Primary"" SizeMode=""SizeMode.Large"" @ref=@UpdateModel.Reference />","TBD",""
"\Style\EditStyle\EditStyleTaxCategory.razor","56","HTML Button","<button","<Button Name=""ShowFilter"" Model=@ShowFilterModel @ref=@ShowFilterModel.Reference CssClass=""dxbl-btn-outlined filterbtn"" SizeMode=""SizeMode.Large"" IconCssClass=""bi-filter"" TooltipCssClass=""tooltipRight"" />","TBD",""
"\Style\EditStyle\EditStyleTaxCategory.razor","70","HTML Button","<button","<Button Name=""Close"" Model=@CloseModel CssClass=""dxbl-btn-outlined"" RenderStyle=""ButtonRenderStyle.Primary"" SizeMode=""SizeMode.Large"" @ref=@CloseModel.Reference />","TBD",""
"\Style\EditStyle\EditStyleTaxCategory.razor","71","HTML Button","<button","<Button Name=""Save"" Model=@SaveModel RenderStyle=""ButtonRenderStyle.Primary"" SizeMode=""SizeMode.Large"" @ref=@SaveModel.Reference />","TBD",""
"\Style\EditStyle\EditStyleVendorCostingRetailPricing.razor","18","HTML Button","<button","<ButtonGroup CSSClass=""otherInfoButton"" Name=""OtherInformation1"" @ref=@otherInformation1 TValue=""int"" />","TBD",""
"\Style\EditStyle\EditStyleVendorCostingRetailPricing.razor","165","HTML Button","<button","<Button Name=""Cancel"" Model=@CloseModel @ref=@CloseModel.Reference CssClass=""dxbl-btn-outlined"" RenderStyle=""ButtonRenderStyle.Secondary"" SizeMode=""SizeMode.Large"" />","TBD",""
"\Style\EditStyle\EditStyleVendorCostingRetailPricing.razor","166","HTML Button","<button","<Button Name=""Save"" Model=@SaveModel @ref=@SaveModel.Reference RenderStyle=""ButtonRenderStyle.Primary"" SizeMode=""SizeMode.Large"" />","TBD",""
"\Style\ViewStyle\ViewStyleAdditionalStyleAttributes.razor","16","HTML Button","<button","<ButtonGroup CSSClass=""otherInfoButton"" Name=""OtherInformation"" @ref=@otherInformation1 TValue=""int"" />","TBD",""
"\Style\ViewStyle\ViewStyleAdditionalStyleAttributes.razor","137","HTML Button","<button","<Button Name=""Close"" Model=@CloseModel @ref=@CloseModel.Reference CssClass=""dxbl-btn-outlined"" RenderStyle=""ButtonRenderStyle.Primary"" SizeMode=""SizeMode.Large"" />","TBD",""
"\Style\ViewStyle\ViewStyleAlternateHierarchy.razor","7","HTML Button","<button","<Button Name=""Back"" CssClass=""bi bi-arrow-left backButton"" />","TBD",""
"\Style\ViewStyle\ViewStyleAlternateHierarchy.razor","18","HTML Button","<button","<Button Name=""ShowFilter"" CssClass=""dxbl-btn-outlined filterbtn"" SizeMode=""SizeMode.Large"" IconCssClass=""bi-filter"" TooltipCssClass=""tooltipRight"" />","TBD",""
"\Style\ViewStyle\ViewStyleAlternateHierarchy.razor","30","HTML Button","<button","<Button Name=""Close"" CssClass=""dxbl-btn-outlined"" RenderStyle=""ButtonRenderStyle.Primary"" SizeMode=""SizeMode.Large"" />","TBD",""
"\Style\ViewStyle\ViewStyleCostExceptions.razor","10","HTML Button","<button","<Button Name=""Back"" Model=@BackModel @ref=@BackModel.Reference CssClass=""bi bi-arrow-left backButton"" />","TBD",""
"\Style\ViewStyle\ViewStyleCostExceptions.razor","24","HTML Button","<button","<Button Name=""ShowFilter"" Model=@ShowFilterModel @ref=@ShowFilterModel.Reference CssClass=""dxbl-btn-outlined filterbtn"" SizeMode=""SizeMode.Large"" IconCssClass=""bi-filter"" TooltipCssClass=""tooltipRight"" />","TBD",""
"\Style\ViewStyle\ViewStyleCostExceptions.razor","36","HTML Button","<button","<Button Name=""Close"" Model=@CloseModel @ref=@CloseModel.Reference CssClass=""dxbl-btn-outlined"" RenderStyle=""ButtonRenderStyle.Primary"" SizeMode=""SizeMode.Large"" />","TBD",""
"\Style\ViewStyle\ViewStylePriceHistory.razor","9","HTML Button","<button","<Button Name=""Back"" Model=@BackModel @ref=@BackModel.Reference CssClass=""bi bi-arrow-left backButton"" />","TBD",""
"\Style\ViewStyle\ViewStylePriceHistory.razor","20","HTML Button","<button","<Button Name=""ShowFilter"" Model=@ShowFilterModel @ref=@ShowFilterModel.Reference CssClass=""dxbl-btn-outlined filterbtn"" SizeMode=""SizeMode.Large"" IconCssClass=""bi-filter"" />","TBD",""
"\Style\ViewStyle\ViewStylePriceHistory.razor","32","HTML Button","<button","<Button Name=""Close"" Model=@CloseModel @ref=@CloseModel.Reference CssClass=""dxbl-btn-outlined"" RenderStyle=""ButtonRenderStyle.Primary"" SizeMode=""SizeMode.Large"" />","TBD",""
"\Style\ViewStyle\ViewStyleShippingHandling.razor","16","HTML Button","<button","<ButtonGroup Name=""OtherInformation"" CSSClass=""otherInfoButton"" @ref=@otherInformation1 TValue=""int"" />","TBD",""
"\Style\ViewStyle\ViewStyleShippingHandling.razor","103","HTML Button","<button","<Button Name=""Close"" Model=@CloseModel @ref=@CloseModel.Reference CssClass=""dxbl-btn-outlined"" RenderStyle=""ButtonRenderStyle.Primary"" SizeMode=""SizeMode.Large"" />","TBD",""
"\Style\ViewStyle\ViewStyleStyle.razor","17","HTML Button","<button","<ButtonGroup Name=""OtherInformation"" CSSClass=""otherInfoButton"" @ref=@otherInformation1 TValue=""int"" />","TBD",""
"\Style\ViewStyle\ViewStyleStyle.razor","140","HTML Button","<button","<Button Name=""ShowFilterColors"" Model=@ShowFilterColorsModel @ref=@ShowFilterColorsModel.Reference CssClass=""dxbl-btn-outlined filterbtn"" SizeMode=""SizeMode.Large"" IconCssClass=""bi-filter"" />","TBD",""
"\Style\ViewStyle\ViewStyleStyle.razor","262","HTML Button","<button","<Button Name=""ShowFilterPLUDescription"" Model=@ShowFilterPLUDescriptionModel @ref=@ShowFilterPLUDescriptionModel.Reference CssClass=""dxbl-btn-outlined filterbtn"" SizeMode=""SizeMode.Large"" IconCssClass=""bi-filter"" />","TBD",""
"\Style\ViewStyle\ViewStyleStyle.razor","279","HTML Button","<button","<Button Name=""ShowFilterForeignDescription"" Model=@ShowFilterForeignDescriptionModel @ref=@ShowFilterForeignDescriptionModel.Reference CssClass=""dxbl-btn-outlined filterbtn"" SizeMode=""SizeMode.Large"" IconCssClass=""bi-filter"" />","TBD",""
"\Style\ViewStyle\ViewStyleStyle.razor","291","HTML Button","<button","<Button Name=""Close"" Model=@CloseModel @ref=@CloseModel.Reference CssClass=""dxbl-btn-outlined"" RenderStyle=""ButtonRenderStyle.Primary"" SizeMode=""SizeMode.Large"" />","TBD",""
"\Style\ViewStyle\ViewStyleTaxCategory.razor","8","HTML Button","<button","<Button Name=""Back"" Model=@BackModel @ref=@BackModel.Reference CssClass=""bi bi-arrow-left backButton"" />","TBD",""
"\Style\ViewStyle\ViewStyleTaxCategory.razor","18","HTML Button","<button","<Button Name=""ShowFilter"" Model=@ShowFilterModel @ref=@ShowFilterModel.Reference CssClass=""dxbl-btn-outlined filterbtn"" SizeMode=""SizeMode.Large"" IconCssClass=""bi-filter"" />","TBD",""
"\Style\ViewStyle\ViewStyleTaxCategory.razor","30","HTML Button","<button","<Button Name=""Close"" Model=@CloseModel @ref=@CloseModel.Reference CssClass=""dxbl-btn-outlined"" RenderStyle=""ButtonRenderStyle.Primary"" SizeMode=""SizeMode.Large"" />","TBD",""
"\StyleVendor\StyleVendorManagement.razor","12","HTML Button","<button","<Button Name=""Back"" Model=@BackModel @ref=@BackModel.Reference CssClass=""bi bi-arrow-left backButton pb-3"" />","TBD",""
"\StyleVendor\StyleVendorManagement.razor","21","HTML Button","<button","<Button Name=""ColumnsChooser"" Model=@ColumnsChooserModel @ref=@ColumnsChooserModel.Reference CssClass=""dxbl-btn-outlined filterbtn"" SizeMode=""SizeMode.Large"" IconCssClass=""bi bi-list-columns-reverse"" TooltipCssClass=""tooltipRight"" />","TBD",""
"\StyleVendor\StyleVendorManagement.razor","22","HTML Button","<button","<Button Name=""ShowFilter"" Model=@ShowFilterModel @ref=@ShowFilterModel.Reference CssClass=""dxbl-btn-outlined filterbtn"" SizeMode=""SizeMode.Large"" IconCssClass=""bi-filter"" TooltipCssClass=""tooltipRight"" />","TBD",""
"\StyleVendor\StyleVendorManagement.razor","29","HTML Button","<button","<Button Name=""CreateStyleVendor"" IconCssClass=""bi bi-plus-lg"" Model=@CreateStyleVendorModel @ref=@CreateStyleVendorModel.Reference RenderStyle=@ButtonRenderStyle.Primary SizeMode=""SizeMode.Large"" />","TBD",""
"\StyleVendor\StyleVendorManagement.razor","41","HTML Button","<button","<Button Name=""Close"" Model=@CloseModel @ref=@CloseModel.Reference RenderStyle=@ButtonRenderStyle.Primary SizeMode=""SizeMode.Large"" />","TBD",""
"\StyleVendor\EditStyleVendor\EditStyleVendorCosting.razor","9","HTML Button","<button","<Button Name=""Back"" Model=@BackModel @ref=@BackModel.Reference CssClass=""bi bi-arrow-left backButton"" />","TBD",""
"\StyleVendor\EditStyleVendor\EditStyleVendorCosting.razor","79","HTML Button","<button","<Button Name=""Cancel"" Model=@CloseModel @ref=@CloseModel.Reference CssClass=""dxbl-btn-outlined"" RenderStyle=""ButtonRenderStyle.Secondary"" SizeMode=""SizeMode.Large"" />","TBD",""
"\StyleVendor\EditStyleVendor\EditStyleVendorCosting.razor","80","HTML Button","<button","<Button Name=""Save"" Model=@SaveModel @ref=@SaveModel.Reference RenderStyle=""ButtonRenderStyle.Primary"" SizeMode=""SizeMode.Large"" />","TBD",""
"\StyleVendor\EditStyleVendor\EditStyleVendorCosting.razor","98","HTML Button","<button","<Button Name=""CreateAnotherPopupYes"" Model=@CreateAnotherPopupYesModel @ref=@CreateAnotherPopupYesModel.Reference RenderStyle=""ButtonRenderStyle.Primary"" SizeMode=""SizeMode.Large"" />","TBD",""
"\StyleVendor\EditStyleVendor\EditStyleVendorCosting.razor","99","HTML Button","<button","<Button Name=""CreateAnotherPopupNo"" Model=@CreateAnotherPopupNoModel @ref=@CreateAnotherPopupNoModel.Reference CssClass=""dxbl-btn-outlined"" RenderStyle=""ButtonRenderStyle.Primary"" SizeMode=""SizeMode.Large"" />","TBD",""
"\StyleVendor\EditStyleVendor\EditStyleVendorPurchaseInfo.razor","9","HTML Button","<button","<Button Name=""Back"" Model=@BackModel @ref=@BackModel.Reference CssClass=""bi bi-arrow-left backButton"" />","TBD",""
"\StyleVendor\EditStyleVendor\EditStyleVendorPurchaseInfo.razor","137","HTML Button","<button","<Button Name=""Cancel"" Model=@CancelModel @ref=@CancelModel.Reference CssClass=""dxbl-btn-outlined"" RenderStyle=""ButtonRenderStyle.Primary"" SizeMode=""SizeMode.Large"" />","TBD",""
"\StyleVendor\EditStyleVendor\EditStyleVendorPurchaseInfo.razor","138","HTML Button","<button","<Button Name=""Save"" Model=@SaveModel @ref=@SaveModel.Reference RenderStyle=""ButtonRenderStyle.Primary"" SizeMode=""SizeMode.Large"" />","TBD",""
"\StyleVendor\EditStyleVendor\EditStyleVendorPurchaseInfo.razor","141","HTML Button","<button","<Button Name=""Next"" Model=@NextModel @ref=@NextModel.Reference IconCssClass=""bi bi-chevron-right"" IconPosition=""ButtonIconPosition.AfterText"" RenderStyle=""ButtonRenderStyle.Primary"" SizeMode=""SizeMode.Large"" />","TBD",""
"\StyleVendor\EditStyleVendor\EditStyleVendorSiteHierarchy.razor","10","HTML Button","<button","<Button Name=""Back"" Model=@BackModel @ref=@BackModel.Reference CssClass=""bi bi-arrow-left backButton"" />","TBD",""
"\StyleVendor\EditStyleVendor\EditStyleVendorSiteHierarchy.razor","22","HTML Button","<button","<Buttons>","TBD",""
"\StyleVendor\EditStyleVendor\EditStyleVendorSiteHierarchy.razor","68","HTML Button","<button","<Button Name=""Cancel"" Model=@CancelModel @ref=@CancelModel.Reference CssClass=""dxbl-btn-outlined"" RenderStyle=""ButtonRenderStyle.Primary"" SizeMode=""SizeMode.Large"" />","TBD",""
"\StyleVendor\EditStyleVendor\EditStyleVendorSiteHierarchy.razor","69","HTML Button","<button","<Button Name=""Save"" Model=@SaveModel @ref=@SaveModel.Reference RenderStyle=""ButtonRenderStyle.Primary"" SizeMode=""SizeMode.Large"" />","TBD",""
"\StyleVendor\EditStyleVendor\EditStyleVendorSiteHierarchy.razor","72","HTML Button","<button","<Button Name=""Next"" Model=@NextModel @ref=@NextModel.Reference IconCssClass=""bi bi-chevron-right"" IconPosition=""ButtonIconPosition.AfterText"" RenderStyle=""ButtonRenderStyle.Primary"" SizeMode=""SizeMode.Large"" />","TBD",""
"\StyleVendor\EditStyleVendor\EditStyleVendorSiteHierarchy.razor","84","HTML Button","<button","<Button Name=""ShowFilter"" Model=@ShowFilterModel @ref=@ShowFilterModel.Reference CssClass=""dxbl-btn-outlined filterbtn"" SizeMode=""SizeMode.Large"" IconCssClass=""bi-filter"" TooltipCssClass=""tooltipRight"" />","TBD",""
"\StyleVendor\EditStyleVendor\EditStyleVendorSiteHierarchy.razor","92","HTML Button","<button","<Button Name=""StylePopupClose"" Model=@StylePopupCloseModel @ref=@StylePopupCloseModel.Reference RenderStyle=""ButtonRenderStyle.Primary"" CssClass=""m-2"" SizeMode=""SizeMode.Large"" />","TBD",""
"\StyleVendor\ViewStyleVendor\ViewStyleVendor.razor","9","HTML Button","<button","<Button Name=""Back"" Model=@BackModel @ref=@BackModel.Reference CssClass=""bi bi-arrow-left backButton"" />","TBD",""
"\StyleVendor\ViewStyleVendor\ViewStyleVendor.razor","227","HTML Button","<button","<Button Name=""Close"" Model=@CloseModel @ref=@CloseModel.Reference CssClass=""dxbl-btn-outlined"" RenderStyle=""ButtonRenderStyle.Primary"" SizeMode=""SizeMode.Large"" />","TBD",""
"\Transfer\EditTransfer\TransferDetailsComponent.razor","13","HTML Button","<button","<Buttons>","TBD",""
"\Upload\ExcelUpload.razor","13","HTML Select","<select","<select id=""typeSelect"" class=""form-select"" @bind=""_viewModel.SelectedType"">","TBD",""
"\Upload\ExcelUpload.razor","23","HTML Input","<input","<input type=""file"" class=""form-control"" @onchange=""OnFileChange"" @ref=""fileInputRef"" />","TBD",""
"\Upload\ExcelUpload.razor","26","HTML Button","<button","@* <button class=""btn btn-secondary dxbl-btn-outlined"" type=""button"" @onclick=""OnValidateClicked"" disabled=""@(!_viewModel.NeedsValidation)"">Validate</button>","TBD",""
"\Upload\ExcelUpload.razor","27","HTML Button","<button","<button class=""btn btn-primary ms-2"" type=""button"" @onclick=""OnSubmitClicked"" disabled=""@(!_viewModel.IsValid)"">Submit</button> *@","TBD",""
"\Vendor\VendorManagement.razor","11","HTML Button","<button","<Button Name=""ColumnsChooser"" Model=@ColumnsChooserModel @ref=@ColumnsChooserModel.Reference CssClass=""dxbl-btn-outlined filterbtn"" SizeMode=""SizeMode.Large"" IconCssClass=""bi bi-list-columns-reverse"" TooltipCssClass=""tooltipRight"" />","TBD",""
"\Vendor\VendorManagement.razor","12","HTML Button","<button","<Button Name=""ShowFilter"" Model=@ShowFilterModel @ref=@ShowFilterModel.Reference CssClass=""dxbl-btn-outlined filterbtn"" SizeMode=""SizeMode.Large"" IconCssClass=""bi-filter"" TooltipCssClass=""tooltipRight"" />","TBD",""
"\Vendor\VendorManagement.razor","18","HTML Button","<button","<Button Name=""CreateVendor"" IconCssClass=""bi bi-plus-lg"" Model=@CreateVendorModel @ref=@CreateVendorModel.Reference RenderStyle=@ButtonRenderStyle.Primary SizeMode=""SizeMode.Large"" />","TBD",""
"\Vendor\EditVendor\EditVendorAccounting.razor","132","HTML Button","<button","<Button Name=""Cancel"" Model=@CancelModel @ref=@CancelModel.Reference CssClass=""dxbl-btn-outlined"" RenderStyle=""ButtonRenderStyle.Primary"" SizeMode=""SizeMode.Large"" />","TBD",""
"\Vendor\EditVendor\EditVendorAccounting.razor","133","HTML Button","<button","<Button Name=""Save"" Model=@SaveModel @ref=@SaveModel.Reference RenderStyle=""ButtonRenderStyle.Primary"" SizeMode=""SizeMode.Large"" />","TBD",""
"\Vendor\EditVendor\EditVendorAccounting.razor","136","HTML Button","<button","<Button Name=""Next"" Model=@NextModel @ref=@NextModel.Reference IconCssClass=""bi bi-chevron-right"" IconPosition=""ButtonIconPosition.AfterText"" RenderStyle=""ButtonRenderStyle.Primary"" SizeMode=""SizeMode.Large"" />","TBD",""
"\Vendor\EditVendor\EditVendorInfo.razor","160","HTML Button","<button","<Button Name=""Cancel"" Model=@CancelModel @ref=@CancelModel.Reference CssClass=""dxbl-btn-outlined"" RenderStyle=""ButtonRenderStyle.Primary"" SizeMode=""SizeMode.Large"" />","TBD",""
"\Vendor\EditVendor\EditVendorInfo.razor","161","HTML Button","<button","<Button Name=""Save"" Model=@SaveModel @ref=@SaveModel.Reference RenderStyle=""ButtonRenderStyle.Primary"" SizeMode=""SizeMode.Large"" />","TBD",""
"\Vendor\EditVendor\EditVendorInfo.razor","164","HTML Button","<button","<Button Name=""Next"" Model=@NextModel @ref=@NextModel.Reference IconCssClass=""bi bi-chevron-right"" IconPosition=""ButtonIconPosition.AfterText"" RenderStyle=""ButtonRenderStyle.Primary"" SizeMode=""SizeMode.Large"" />","TBD",""
"\Vendor\EditVendor\EditVendorPurchasing.razor","81","HTML Button","<button","<Button Name=""Cancel"" Model=@CancelModel @ref=@CancelModel.Reference CssClass=""dxbl-btn-outlined"" RenderStyle=""ButtonRenderStyle.Primary"" SizeMode=""SizeMode.Large"" />","TBD",""
"\Vendor\EditVendor\EditVendorPurchasing.razor","82","HTML Button","<button","<Button Name=""Save"" Model=@SaveModel @ref=@SaveModel.Reference RenderStyle=""ButtonRenderStyle.Primary"" SizeMode=""SizeMode.Large"" />","TBD",""
"\Vendor\ViewVendor\ViewVendorInfo.razor","267","HTML Button","<button","<Button Name=""Close"" Model=@CloseModel @ref=@CloseModel.Reference CssClass=""dxbl-btn-outlined"" RenderStyle=""ButtonRenderStyle.Primary"" SizeMode=""SizeMode.Large"" />","TBD",""
"\Vendor\ViewVendor\ViewVendorPoEdiDefaults.razor","283","HTML Button","<button","<Button Name=""Close"" Model=@CloseModel @ref=@CloseModel.Reference CssClass=""dxbl-btn-outlined"" RenderStyle=""ButtonRenderStyle.Primary"" />","TBD",""
"\Vendor\ViewVendor\ViewVendorSiteVendor.razor","97","HTML Button","<button","<Button Name=""Close"" Model=@CloseModel @ref=@CloseModel.Reference CssClass=""dxbl-btn-outlined"" RenderStyle=""ButtonRenderStyle.Primary"" SizeMode=""SizeMode.Large"" />","TBD",""
"\Vendor\ViewVendor\ViewVendorStatistics.razor","85","HTML Button","<button","<Button Name=""CloseVendorStat"" Model=@CloseVendorStatModel @ref=@CloseVendorStatModel.Reference CssClass=""dxbl-btn-outlined"" RenderStyle=""ButtonRenderStyle.Primary"" SizeMode=""SizeMode.Large"" />","TBD",""
